insert into user(id,username,password,nickname,enabled,role) values (1,'elso','$2a$10$ptitHYlcv7qGZXCpB8zCn.fIZM/K9LFIVWefgP8/MMXz2bXlzsjfa','Rebeka', false,'ROLE_USER');
insert into user(id,username,password,nickname,enabled,role) values (2,'masodik','$2a$10$ptitHYlcv7qGZXCpB8zCn.fIZM/K9LFIVWefgP8/MMXz2bXlzsjfa','Mariska', false,'ROLE_USER');
insert into user(id,username,password,nickname,enabled,role) values (6,'dori','$2a$10$ptitHYlcv7qGZXCpB8zCn.fIZM/K9LFIVWefgP8/MMXz2bXlzsjfa','Dóri', false,'ROLE_ADMIN');

insert into user(id,username,password,nickname,enabled,role) values (3,'harmadik','$2a$10$ptitHYlcv7qGZXCpB8zCn.fIZM/K9LFIVWefgP8/MMXz2bXlzsjfa','Erzsi', false,'ROLE_USER');
insert into user(id,username,password,nickname,enabled,role) values (4,'isti','$2a$10$ptitHYlcv7qGZXCpB8zCn.fIZM/K9LFIVWefgP8/MMXz2bXlzsjfa','Istike',false,'ROLE_USER');
insert into user(id,username,password,nickname,enabled,role) values (5,'otodik','$2a$10$ptitHYlcv7qGZXCpB8zCn.fIZM/K9LFIVWefgP8/MMXz2bXlzsjfa','Nagymami', false,'ROLE_USER');



insert into receipt (description,name,user_id,difficulty,salty,visibility) values ('30 dkg lisztet összekeverem a 20 dkg olvasztott vajjal és 1 tojas sargájával, utáa adunk hozzá 2-3 evőkanál tejfölt és 1 tk sót. Ezek után a 30dkg reszelt sajt felét a tésztához gyúrom ,a másik felét félrerakom. Ezek után 1 órára pihenni tesszük a hűtőbe. Az 1 óra elteltével kivesszük és lisztezett vágódeszkán kinyújtjuk és megkenjük a maradék tojás fehérhével és rászórjuk a sajtot. 180 fokos előmelegített sütőben addig sütjük amíg aranybarna nem lesz. Jó sütést :D !','Sajtos pogácsa',1,'örökkévalóság',true,true);
insert into receipt (description,name,user_id,difficulty,salty,visibility) values ('ketteske wefgziedg bde aisgzhjagsdf  gdfzuegs zusg jhzgfzeg jgfzg jfljgjgsdljfsdgcjvsahsdhkfhjcjka.shfgsjbvjhxjncksdhfjgdsjkfvxhvjdgfjgf-kbísjdb.hdgfzj kdhgsbkgféigaé65f6453153415gfd45f4v12fc1v3c45g46dfg4654v1í35x4g65d4v6df87g6854v68f748648fd7v658v7x64v87d68vf6b7g','Pizzáscsiga',2,'közepes',true,false);
insert into receipt (description,name,user_id,difficulty,salty,visibility) values ('Egyszer volt, hol nem volt, messze valahol Jégországban élt egyszer egy Hókirálynő és sok-sok apró hótündér. A Jégpalotában, ahol éltek, főleg télen nagy volt a sürgés-forgás. Ilyenkor bizony nagyon sok dolguk volt a kis hótündéreknek!Az ő feladatuk volt, hogy beborítsák a földet hóval, és szebbnél-szebb hópehelymintákat találjanak ki. A jégteremben ültek, rajzolgattak, tervezgettek, vagy épphintették a földre a havat. Csak egy Hótündérke nézegetett szomorúan az ablakban. Arról álmodozott, hogy csak egyszer, csak egyetlenegyszer, lemehessen a földre az emberek közé! Hiába kérlelte a Hókirálynőt, ő bizony hajthatatlan volt. – Kedves Királynő, annyi szépet látok a földön ilyenkor karácsony környékén,j le az emberek közé, hadd sétálhassak közöttük! Mindenki olyan boldog,denki olyan vidám... Olyan jó lehet a földön élni! Itt csak unatkozom! Csakajzolgatok, csak havat szórok... már annyira szeretnék valami mást csinálni!  Addig-addig könyörgött, míg a Hókirálynő megunta, és így szólt:  – Na, jól van, menj az emberek közé! De majd meglátod, ott se mindenki  boldog, ott se mindenki vidám. Az ottani élet csillogó, de előfordul, hogy e  csillogásból nem jut mindenkinek. Járj nyitott szemmel, szívvel! Légy jó, higgy  az érzéseidben, hallgass mindig a szívedre! Kapsz három napot. Ennyi idő elég  lesz az ismerkedésre, nézelődésre. Azonban három nap múlva vissza kell térned,  mert különben soha többé nem jöhetsz vissza hozzánk, a földön kell maradnod  és játékbabává változol. Mondd ezt a varázsigét háromszor:– Amikor vissza akarsz ','Virsis csiga',3,'közepes',true,true);
insert into receipt (description,name,user_id,difficulty,salty,visibility) values ('A Hótündér elszomorodott. Szóval mégis csak igaza volt a Hókirálynőnek, hogy a földön nem mindenki boldog, nem jut mindenkinek a csillogásból. Vannak olyanok, akik nem kapnak karácsonyi ajándékot. Ment a két gyermek után, hazáig követte őket. Egy kis házba mentek be, s náluk nem hatalmas fenyő volt feldíszítve, mint a többi házban, hanem három fenyőágacska volt egy vázában, s azon néhány papírdísz. A gyerekek gyertyát gyújtottak, s szüleikkel karácsonyi dalokat énekeltek. Ekkor a kis Hótündér a szívében valami különöset érzett... Látta, hogy így is boldogok az itt élők. A kis Hótündér már tudta, hogy fog örömet szerezni ezeknek a gyerekeknek. Azzal is tisztában volt, hogy ha nem megy vissza, amikor lejár a három nap, akkor örökre a földön marad, s egy hófehér ruhás, sapkás, csizmás játékbabává változik. Pont olyanná, amilyenről a két gyermek álmodozott. Már csak néhány perce volt, de nem mondta el a varázsigét. Becsöngetett a házba. A gyerekek kiszaladtak megnézni, hogy vajon ki csöngethet ilyenkor. Csodálkozva látták, hogy az ajtóban egy gyönyörű hófehér bundás, sapkás, csizmás baba állt. Pont olyan, amilyet szerettek volna...','Sajtos pogácsa',3 ,'könnyű',true,false);
insert into receipt (description,name,user_id,difficulty,salty,visibility) values ('otoske','Sajtos pogácsa',4,'könnyű',true,true);
insert into receipt (description,name,user_id,difficulty,salty,visibility) values ('hatoska','Vajas puffancs',2 ,'közepes',true,true);
insert into receipt (description,name,user_id,difficulty,salty,visibility) values ('heteske','Brownie',1,'közepes',false,false);
insert into receipt (description,name,user_id,difficulty,salty,visibility) values ('nyolcaska','Kukucskáló süti', 2, 'nehéz',false,true);
insert into receipt (description,name,user_id,difficulty,salty,visibility) values ('kilenceske','Brownie',3 ,'könnyű',false,true);
insert into receipt (description,name,user_id,difficulty,salty,visibility) values ('tzeske','Mézeskalács', 5,'közepes',false,true);
insert into receipt (description,name,user_id,difficulty,salty,visibility) values ('tizenegyeske','Zserbó',5 , 'nehéz',false,true);



insert into ingredient (id, name) values (1,'tojás');
insert into ingredient (id, name) values (2,'finomliszt');
insert into ingredient (id, name) values (3,'tej');
insert into ingredient (id, name) values (4,'eleszto');
insert into ingredient (id, name) values (5,'viz');
insert into ingredient (id, name) values (6,'méz');
insert into ingredient (id, name) values (7,'csoki');
insert into ingredient (id, name) values (8,'cukor');
insert into ingredient (id, name) values (9,'cukrozatlan kakaópor');
insert into ingredient (id, name) values (10,'sütőpor');
insert into ingredient (id, name) values (11,'só');
insert into ingredient (id, name) values (12,'sajt');
insert into ingredient (id, name) values (13,'vaj');


insert into RECEIPT_INGREDIENTS (RECEIPT_ID , INGREDIENTS_ID) values (1, 1);
insert into RECEIPT_INGREDIENTS (RECEIPT_ID , INGREDIENTS_ID) values (1, 2);
insert into RECEIPT_INGREDIENTS (RECEIPT_ID , INGREDIENTS_ID) values (1, 11);
insert into RECEIPT_INGREDIENTS (RECEIPT_ID , INGREDIENTS_ID) values (1, 12);
insert into RECEIPT_INGREDIENTS (RECEIPT_ID , INGREDIENTS_ID) values (1,13 );


insert into RECEIPT_INGREDIENTS (RECEIPT_ID , INGREDIENTS_ID) values (2, 2);
insert into RECEIPT_INGREDIENTS (RECEIPT_ID , INGREDIENTS_ID) values (1, 3);
insert into RECEIPT_INGREDIENTS (RECEIPT_ID , INGREDIENTS_ID) values (2, 1);
insert into RECEIPT_INGREDIENTS (RECEIPT_ID , INGREDIENTS_ID) values (3, 6);
insert into RECEIPT_INGREDIENTS (RECEIPT_ID , INGREDIENTS_ID) values (4, 7);
insert into RECEIPT_INGREDIENTS (RECEIPT_ID , INGREDIENTS_ID) values (5, 2);
insert into RECEIPT_INGREDIENTS (RECEIPT_ID , INGREDIENTS_ID) values (6, 3);
insert into RECEIPT_INGREDIENTS (RECEIPT_ID , INGREDIENTS_ID) values (7, 1);
insert into RECEIPT_INGREDIENTS (RECEIPT_ID , INGREDIENTS_ID) values (8, 6);
insert into RECEIPT_INGREDIENTS (RECEIPT_ID , INGREDIENTS_ID) values (9, 7);
insert into RECEIPT_INGREDIENTS (RECEIPT_ID , INGREDIENTS_ID) values (10, 2);
insert into RECEIPT_INGREDIENTS (RECEIPT_ID , INGREDIENTS_ID) values (11, 3);
insert into RECEIPT_INGREDIENTS (RECEIPT_ID , INGREDIENTS_ID) values (2, 1);
insert into RECEIPT_INGREDIENTS (RECEIPT_ID , INGREDIENTS_ID) values (3, 6);
insert into RECEIPT_INGREDIENTS (RECEIPT_ID , INGREDIENTS_ID) values (4, 7);
insert into RECEIPT_INGREDIENTS (RECEIPT_ID , INGREDIENTS_ID) values (5, 2);
insert into RECEIPT_INGREDIENTS (RECEIPT_ID , INGREDIENTS_ID) values (6, 3);
insert into RECEIPT_INGREDIENTS (RECEIPT_ID , INGREDIENTS_ID) values (7, 1);
insert into RECEIPT_INGREDIENTS (RECEIPT_ID , INGREDIENTS_ID) values (9, 6);
insert into RECEIPT_INGREDIENTS (RECEIPT_ID , INGREDIENTS_ID) values (9, 7);
insert into RECEIPT_INGREDIENTS (RECEIPT_ID , INGREDIENTS_ID) values (7, 2);
insert into RECEIPT_INGREDIENTS (RECEIPT_ID , INGREDIENTS_ID) values (4, 3);
insert into RECEIPT_INGREDIENTS (RECEIPT_ID , INGREDIENTS_ID) values (2, 1);
insert into RECEIPT_INGREDIENTS (RECEIPT_ID , INGREDIENTS_ID) values (3, 6);
insert into RECEIPT_INGREDIENTS (RECEIPT_ID , INGREDIENTS_ID) values (5, 7);



